;massa_A;
t;x;y
0.000;-0.459;0.176
0.033;-0.459;0.176
0.067;-0.459;0.177
0.100;-0.459;0.176
0.133;-0.459;0.176
0.167;-0.459;0.176
0.200;-0.459;0.176
0.233;-0.459;0.176
0.267;-0.459;0.177
0.300;-0.458;0.176
0.333;-0.455;0.174
0.367;-0.446;0.171
0.400;-0.432;0.166
0.433;-0.415;0.159
0.467;-0.393;0.150
0.500;-0.368;0.140
0.533;-0.339;0.129
0.566;-0.308;0.122
0.600;-0.273;0.113
0.633;-0.238;0.103
0.666;-0.199;9.468E-2
0.700;-0.157;8.685E-2
0.733;-0.110;8.064E-2
0.766;-6.446E-2;7.808E-2
0.800;-1.931E-2;7.438E-2
0.833;2.574E-2;6.951E-2
0.866;7.116E-2;7.140E-2
0.900;0.118;7.587E-2
0.933;0.167;7.898E-2
0.966;0.208;8.706E-2
1.000;0.249;9.208E-2
1.033;0.288;9.541E-2
1.066;0.325;0.107
1.100;0.359;0.117
1.133;0.392;0.123
1.166;0.420;0.135
1.200;0.442;0.142
1.233;0.460;0.145
1.266;0.475;0.152
1.300;0.489;0.159
1.333;0.499;0.162
1.366;0.507;0.166
1.400;0.505;0.167
1.433;0.502;0.164
1.466;0.493;0.159
1.499;0.482;0.156
1.533;0.470;0.151
1.566;0.453;0.144
1.599;0.430;0.137
1.633;0.402;0.127
1.666;0.371;0.119
1.699;0.338;0.112
1.733;0.307;0.102
1.766;0.270;9.228E-2
1.799;0.229;8.923E-2
1.833;0.183;8.255E-2
1.866;0.139;7.698E-2
1.899;9.386E-2;7.261E-2
1.933;5.064E-2;7.215E-2
1.966;6.546E-3;7.221E-2
1.999;-3.924E-2;7.462E-2
2.033;-8.503E-2;8.205E-2
2.066;-0.130;8.462E-2
2.099;-0.172;8.944E-2
2.133;-0.209;9.974E-2
2.166;-0.244;0.107
2.199;-0.280;0.114
2.233;-0.312;0.125
2.266;-0.342;0.132
2.299;-0.366;0.139
2.333;-0.387;0.149
2.366;-0.405;0.156
2.399;-0.418;0.159
2.433;-0.427;0.165
2.466;-0.438;0.169
2.499;-0.442;0.169
2.533;-0.438;0.169
2.566;-0.430;0.167
2.599;-0.422;0.162
2.633;-0.412;0.157
2.666;-0.397;0.152
2.699;-0.377;0.145
2.733;-0.355;0.137
2.766;-0.329;0.128
2.799;-0.296;0.117
2.832;-0.265;0.109
2.866;-0.232;0.104
2.899;-0.194;9.557E-2
2.932;-0.155;8.709E-2
2.966;-0.112;8.177E-2
2.999;-6.834E-2;7.757E-2
3.032;-2.393E-2;7.431E-2
3.066;1.999E-2;7.222E-2
3.099;6.140E-2;7.215E-2
3.132;0.105;7.374E-2
3.166;0.151;7.720E-2
3.199;0.195;8.423E-2
3.232;0.233;9.160E-2
3.266;0.273;9.368E-2
3.299;0.307;0.102
3.332;0.338;0.112
3.366;0.368;0.118
3.399;0.398;0.127
3.432;0.423;0.137
3.466;0.443;0.141
3.499;0.454;0.145
3.532;0.465;0.149
3.566;0.477;0.152
3.599;0.484;0.157
3.632;0.487;0.161
3.666;0.485;0.157
3.699;0.479;0.154
3.732;0.465;0.150
3.766;0.449;0.142
3.799;0.434;0.139
3.832;0.416;0.134
3.865;0.394;0.125
3.899;0.366;0.117
3.932;0.333;0.110
3.965;0.299;0.100
3.999;0.260;9.189E-2
4.032;0.223;8.894E-2
4.065;0.185;8.278E-2
4.099;0.147;7.691E-2
4.132;0.103;7.235E-2
4.165;5.765E-2;7.237E-2
4.199;1.181E-2;7.251E-2
4.232;-2.995E-2;7.323E-2
4.265;-7.108E-2;7.801E-2
4.299;-0.111;8.216E-2
4.332;-0.152;8.663E-2
4.365;-0.190;9.523E-2
4.399;-0.227;0.102
4.432;-0.261;0.108
4.465;-0.292;0.117
4.499;-0.318;0.127
4.532;-0.341;0.132
4.565;-0.363;0.139
4.599;-0.383;0.147
4.632;-0.399;0.151
4.665;-0.407;0.157
4.699;-0.415;0.161
4.732;-0.419;0.159
4.765;-0.419;0.159
4.799;-0.414;0.159
4.832;-0.407;0.157
4.865;-0.398;0.154
4.898;-0.385;0.149
4.932;-0.365;0.139
4.965;-0.342;0.132
4.998;-0.315;0.125
5.032;-0.289;0.117
5.065;-0.261;0.110
5.099;-0.227;0.102
5.132;-0.191;9.259E-2
5.165;-0.153;8.648E-2
5.198;-0.111;8.254E-2
5.232;-7.072E-2;7.959E-2
5.265;-3.048E-2;7.452E-2
5.298;9.683E-3;7.156E-2
5.332;5.319E-2;7.225E-2
5.365;9.663E-2;7.484E-2
5.398;0.141;7.722E-2
5.432;0.180;8.190E-2
5.465;0.216;8.836E-2
5.498;0.254;9.172E-2
5.532;0.288;9.854E-2
5.565;0.319;0.109
5.598;0.350;0.115
5.632;0.379;0.120
5.665;0.403;0.129
5.698;0.421;0.136
5.732;0.433;0.140
5.765;0.446;0.144
5.798;0.459;0.146
5.832;0.468;0.148
5.865;0.468;0.152
5.898;0.466;0.153
5.932;0.462;0.149
5.965;0.453;0.144
5.998;0.441;0.139
6.032;0.429;0.136
6.065;0.413;0.134
6.098;0.392;0.129
6.132;0.368;0.119
6.165;0.340;0.109
6.198;0.307;0.103
6.231;0.274;9.631E-2
6.265;0.236;9.221E-2
6.298;0.200;8.720E-2
6.331;0.165;7.931E-2
6.365;0.124;7.299E-2
6.398;8.040E-2;7.307E-2
6.431;3.867E-2;7.474E-2
6.465;-3.567E-3;7.316E-2
6.498;-4.424E-2;7.339E-2
6.531;-8.264E-2;7.792E-2
6.565;-0.121;8.268E-2
6.598;-0.161;9.153E-2
6.631;-0.195;9.826E-2
6.665;-0.230;0.101
6.698;-0.261;0.107
6.731;-0.287;0.118
6.765;-0.314;0.126
6.798;-0.335;0.131
6.831;-0.355;0.137
6.865;-0.372;0.140
6.898;-0.385;0.146
6.931;-0.390;0.152
6.965;-0.395;0.154
6.998;-0.398;0.152
7.031;-0.398;0.150
7.065;-0.392;0.149
7.098;-0.381;0.147
7.131;-0.369;0.144
7.165;-0.354;0.136
7.198;-0.333;0.128
7.231;-0.312;0.122
7.264;-0.288;0.117
7.298;-0.261;0.110
7.331;-0.229;0.102
7.364;-0.196;9.385E-2
7.398;-0.161;8.640E-2
7.431;-0.124;8.289E-2
7.464;-8.495E-2;8.186E-2
7.498;-4.474E-2;7.732E-2
7.531;-6.974E-3;7.129E-2
7.564;3.352E-2;6.945E-2
7.598;7.564E-2;7.321E-2
7.631;0.117;7.557E-2
7.664;0.154;7.722E-2
7.698;0.189;8.224E-2
7.731;0.227;8.658E-2
7.764;0.262;9.126E-2
7.798;0.292;0.101
7.831;0.321;0.109
7.864;0.349;0.112
7.898;0.374;0.117
7.931;0.393;0.125
7.964;0.409;0.131
7.998;0.421;0.137
8.031;0.432;0.139
8.064;0.442;0.137
8.098;0.444;0.139
8.131;0.443;0.142
8.164;0.441;0.142
8.198;0.434;0.139
8.231;0.424;0.134
8.264;0.411;0.127
8.298;0.393;0.125
8.331;0.372;0.122
8.364;0.349;0.115
8.398;0.328;0.107
8.431;0.299;9.779E-2
8.464;0.264;9.278E-2
8.498;0.227;9.092E-2
8.531;0.194;8.572E-2
8.564;0.161;7.762E-2
8.597;0.123;7.096E-2
8.631;8.430E-2;7.067E-2
8.664;4.453E-2;7.322E-2
8.697;3.885E-3;7.260E-2
8.731;-3.651E-2;7.122E-2
8.764;-7.372E-2;7.440E-2
8.797;-0.108;7.969E-2
8.831;-0.142;8.719E-2
8.864;-0.177;9.598E-2
8.897;-0.211;9.807E-2
8.931;-0.242;9.961E-2
8.964;-0.267;0.110
8.997;-0.291;0.120
9.031;-0.311;0.124
9.064;-0.328;0.128
9.097;-0.346;0.131
9.131;-0.359;0.135
9.164;-0.366;0.142
9.197;-0.368;0.145
9.231;-0.371;0.142
9.264;-0.371;0.140
9.297;-0.369;0.139
9.331;-0.360;0.138
9.364;-0.347;0.139
9.397;-0.334;0.132
9.431;-0.319;0.122
9.464;-0.299;0.117
9.497;-0.272;0.113
9.530;-0.249;0.109
9.564;-0.220;0.102
9.597;-0.189;9.239E-2
9.630;-0.158;8.439E-2
9.664;-0.123;8.226E-2
9.697;-8.593E-2;8.233E-2
9.730;-4.853E-2;7.912E-2
9.764;-1.258E-2;7.232E-2
9.797;2.368E-2;6.835E-2
9.830;6.227E-2;7.206E-2
9.864;0.101;7.713E-2
9.897;0.139;7.911E-2
9.930;0.172;8.074E-2
9.964;0.206;8.292E-2
9.997;0.239;8.752E-2
10.030;0.268;9.674E-2
10.064;0.295;0.105
10.097;0.323;0.108
10.130;0.349;0.110
10.164;0.369;0.116
10.197;0.383;0.123
10.230;0.396;0.131
10.264;0.407;0.134
10.297;0.416;0.131
10.330;0.418;0.130
10.364;0.418;0.133
10.397;0.415;0.136
10.430;0.409;0.135
10.464;0.402;0.130
10.497;0.391;0.122
10.530;0.376;0.119
10.563;0.357;0.119
10.597;0.332;0.112
10.630;0.310;0.104
10.663;0.284;9.663E-2
10.697;0.253;9.169E-2
10.730;0.220;8.991E-2
10.763;0.189;8.662E-2
10.797;0.156;7.994E-2
10.830;0.119;7.268E-2
10.863;8.231E-2;7.266E-2
10.897;4.528E-2;7.490E-2
10.930;8.822E-3;7.530E-2
10.963;-2.851E-2;7.454E-2
10.997;-6.405E-2;7.552E-2
11.030;-0.100;7.921E-2
11.063;-0.132;8.701E-2
11.097;-0.165;9.502E-2
11.130;-0.196;9.743E-2
11.163;-0.223;9.768E-2
11.197;-0.248;0.105
11.230;-0.271;0.115
11.263;-0.292;0.121
11.297;-0.309;0.124
11.330;-0.324;0.124
11.363;-0.336;0.128
11.397;-0.343;0.134
11.430;-0.346;0.139
11.463;-0.348;0.138
11.497;-0.350;0.134
11.530;-0.346;0.131
11.563;-0.335;0.132
11.597;-0.323;0.132
11.630;-0.310;0.127
11.663;-0.296;0.117
11.697;-0.274;0.110
11.730;-0.248;0.108
11.763;-0.225;0.104
11.797;-0.197;9.797E-2
11.830;-0.170;8.936E-2
11.863;-0.139;8.228E-2
11.896;-0.106;8.175E-2
11.930;-6.991E-2;8.190E-2
11.963;-3.547E-2;7.772E-2
11.996;-9.616E-4;7.196E-2
12.030;3.539E-2;6.937E-2
12.063;7.057E-2;7.267E-2
12.096;0.106;7.805E-2
12.130;0.141;8.042E-2
12.163;0.174;8.086E-2
12.196;0.206;8.222E-2
12.230;0.234;8.765E-2
12.263;0.262;9.681E-2
12.296;0.287;0.103
12.330;0.314;0.105
12.363;0.337;0.106
12.396;0.353;0.112
12.430;0.367;0.118
12.463;0.377;0.125
12.496;0.389;0.128
12.530;0.395;0.125
12.563;0.398;0.123
12.596;0.395;0.127
12.630;0.390;0.128
12.663;0.384;0.125
12.696;0.378;0.121
12.730;0.367;0.115
12.763;0.352;0.111
12.796;0.330;0.110
12.829;0.306;0.104
12.863;0.282;9.711E-2
12.896;0.257;9.212E-2
12.929;0.230;8.781E-2
12.963;0.202;8.493E-2
12.996;0.169;8.221E-2
13.029;0.136;7.654E-2
13.063;0.100;7.185E-2
13.096;6.588E-2;7.300E-2
13.129;3.347E-2;7.450E-2
13.163;-7.329E-4;7.255E-2
13.196;-3.524E-2;7.444E-2
13.229;-7.011E-2;7.750E-2
13.263;-0.103;8.051E-2
13.296;-0.135;8.734E-2
13.329;-0.164;9.247E-2
13.363;-0.191;9.376E-2
13.396;-0.214;9.728E-2
13.429;-0.240;0.104
13.463;-0.264;0.112
13.496;-0.283;0.119
13.529;-0.298;0.122
13.563;-0.308;0.120
13.596;-0.317;0.122
13.629;-0.323;0.129
13.663;-0.326;0.130
13.696;-0.328;0.130
13.729;-0.329;0.129
13.763;-0.323;0.125
13.796;-0.309;0.122
13.829;-0.296;0.121
13.862;-0.283;0.117
13.896;-0.270;0.111
13.929;-0.249;0.106
13.962;-0.227;0.102
13.996;-0.200;9.807E-2
14.029;-0.173;9.188E-2
14.062;-0.143;8.496E-2
14.096;-0.113;8.115E-2
14.129;-8.348E-2;7.976E-2
14.162;-5.325E-2;7.815E-2
14.196;-1.957E-2;7.361E-2
14.229;1.804E-2;7.041E-2
14.262;5.370E-2;7.070E-2
14.296;8.530E-2;7.285E-2
14.329;0.116;7.527E-2
14.362;0.148;7.848E-2
14.396;0.179;8.037E-2
14.429;0.209;8.123E-2
14.462;0.237;8.835E-2
14.496;0.264;9.593E-2
14.529;0.288;9.987E-2
14.562;0.307;0.101
14.596;0.326;0.104
14.629;0.341;0.108
14.662;0.356;0.114
14.696;0.366;0.118
14.729;0.376;0.119
14.762;0.380;0.119
14.796;0.379;0.119
14.829;0.374;0.119
14.862;0.368;0.119
14.896;0.363;0.117
14.929;0.354;0.111
14.962;0.339;0.107
14.996;0.320;0.105
15.029;0.298;0.101
15.062;0.274;9.655E-2
15.096;0.251;9.170E-2
15.129;0.229;8.695E-2
15.162;0.203;8.343E-2
15.195;0.172;8.146E-2
15.229;0.138;7.704E-2
15.262;0.103;7.277E-2
15.295;7.271E-2;7.217E-2
15.329;4.218E-2;7.223E-2
15.362;1.130E-2;7.231E-2
15.395;-2.143E-2;7.446E-2
15.429;-5.516E-2;7.583E-2
15.462;-8.893E-2;7.831E-2
15.495;-0.119;8.320E-2
15.529;-0.146;8.917E-2
15.562;-0.170;9.192E-2
15.595;-0.195;9.416E-2
15.629;-0.219;9.898E-2
15.662;-0.241;0.105
15.695;-0.262;0.112
15.729;-0.277;0.116
15.762;-0.286;0.117
15.795;-0.294;0.117
15.829;-0.302;0.119
15.862;-0.309;0.123
15.895;-0.312;0.127
15.929;-0.310;0.125
15.962;-0.304;0.120
15.995;-0.294;0.117
16.029;-0.281;0.117
16.062;-0.270;0.114
16.095;-0.258;0.109
16.129;-0.242;0.105
16.162;-0.221;0.101
16.195;-0.194;9.540E-2
16.228;-0.168;9.159E-2
16.262;-0.142;8.684E-2
16.295;-0.114;8.253E-2
16.328;-8.631E-2;8.046E-2
16.362;-5.792E-2;7.767E-2
16.395;-2.698E-2;7.396E-2
16.428;8.781E-3;7.270E-2
16.462;4.218E-2;7.237E-2
16.495;7.146E-2;7.273E-2
16.528;9.978E-2;7.595E-2
16.562;0.130;7.742E-2
16.595;0.161;7.926E-2
16.628;0.190;8.233E-2
16.662;0.217;8.614E-2
16.695;0.243;9.142E-2
16.728;0.265;9.621E-2
16.762;0.284;9.937E-2
16.795;0.302;0.102
16.828;0.319;0.105
16.862;0.334;0.109
16.895;0.345;0.114
16.928;0.353;0.117
16.962;0.358;0.115
16.995;0.360;0.114
17.028;0.357;0.115
17.062;0.353;0.115
17.095;0.349;0.114
17.128;0.341;0.111
17.162;0.328;0.108
17.195;0.311;0.103
17.228;0.291;9.991E-2
17.261;0.272;9.671E-2
17.295;0.252;9.285E-2
17.328;0.231;8.915E-2
17.362;0.206;8.401E-2
17.395;0.178;8.215E-2
17.428;0.147;7.959E-2
17.462;0.114;7.465E-2
17.495;8.568E-2;7.359E-2
17.528;5.988E-2;7.407E-2
17.561;3.030E-2;7.296E-2
17.595;-2.491E-3;7.244E-2
17.628;-3.597E-2;7.490E-2
17.661;-6.740E-2;7.863E-2
17.695;-9.494E-2;8.098E-2
17.728;-0.121;8.381E-2
17.761;-0.144;8.776E-2
17.795;-0.168;9.080E-2
17.828;-0.194;9.456E-2
17.861;-0.217;9.958E-2
17.895;-0.237;0.104
17.928;-0.252;0.109
17.961;-0.264;0.112
17.995;-0.273;0.112
18.028;-0.280;0.114
18.061;-0.287;0.117
18.095;-0.290;0.118
18.128;-0.292;0.119
18.161;-0.290;0.119
18.195;-0.284;0.115
18.228;-0.275;0.112
18.261;-0.263;0.111
18.295;-0.252;0.109
18.328;-0.240;0.106
18.361;-0.222;0.101
18.395;-0.201;9.506E-2
18.428;-0.176;9.195E-2
18.461;-0.150;8.803E-2
18.494;-0.126;8.454E-2
18.528;-0.101;8.251E-2
18.561;-7.537E-2;7.950E-2
18.594;-4.716E-2;7.454E-2
18.628;-1.489E-2;7.293E-2
18.661;1.882E-2;7.265E-2
18.694;4.971E-2;7.262E-2
18.728;7.566E-2;7.398E-2
18.761;0.103;7.459E-2
18.794;0.133;7.661E-2
18.828;0.161;8.049E-2
18.861;0.189;8.257E-2
18.894;0.214;8.581E-2
18.928;0.237;9.117E-2
18.961;0.257;9.395E-2
18.994;0.275;9.709E-2
19.028;0.292;0.101
19.061;0.308;0.103
19.094;0.321;0.105
19.128;0.330;0.109
19.161;0.337;0.111
19.194;0.341;0.111
19.228;0.342;0.112
19.261;0.342;0.111
19.294;0.337;0.110
19.328;0.330;0.109
19.361;0.319;0.106
19.394;0.304;0.102
19.428;0.289;0.100
19.461;0.274;9.693E-2
19.494;0.255;9.307E-2
19.527;0.234;9.106E-2
19.561;0.211;8.568E-2
19.594;0.186;8.178E-2
19.627;0.158;7.951E-2
19.661;0.131;7.588E-2
19.694;0.104;7.428E-2
19.727;7.716E-2;7.442E-2
19.761;4.865E-2;7.296E-2
19.794;1.708E-2;7.223E-2
19.827;-1.425E-2;7.244E-2
19.861;-4.253E-2;7.528E-2
19.894;-6.938E-2;7.902E-2
19.927;-9.408E-2;8.212E-2
19.961;-0.119;8.324E-2
19.994;-0.145;8.652E-2
20.027;-0.169;9.174E-2
20.061;-0.191;9.471E-2
20.094;-0.207;9.785E-2
20.127;-0.224;0.102
20.161;-0.239;0.105
20.194;-0.251;0.108
20.227;-0.261;0.111
20.261;-0.269;0.112
20.294;-0.273;0.112
20.327;-0.273;0.112
20.361;-0.271;0.112
20.394;-0.269;0.112
20.427;-0.262;0.110
20.461;-0.254;0.108
20.494;-0.241;0.105
20.527;-0.226;0.102
20.561;-0.210;9.789E-2
20.594;-0.191;9.292E-2
20.627;-0.171;8.991E-2
20.661;-0.148;8.588E-2
20.694;-0.125;8.333E-2
20.727;-9.999E-2;8.158E-2
20.761;-7.290E-2;7.810E-2
20.794;-4.654E-2;7.320E-2
20.827;-1.931E-2;7.141E-2
20.860;1.039E-2;7.175E-2
20.894;3.962E-2;7.204E-2
20.927;6.632E-2;7.272E-2
20.960;9.357E-2;7.273E-2
20.994;0.123;7.453E-2
21.027;0.150;7.851E-2
21.060;0.174;8.073E-2
21.094;0.196;8.256E-2
21.127;0.219;8.674E-2
21.160;0.240;9.010E-2
21.194;0.258;9.262E-2
21.227;0.275;9.713E-2
21.260;0.290;9.906E-2
21.294;0.301;0.101
21.327;0.310;0.104
21.360;0.316;0.106
21.394;0.322;0.107
21.427;0.326;0.107
21.460;0.324;0.106
21.494;0.319;0.106
21.527;0.311;0.104
21.560;0.302;0.102
21.594;0.291;9.992E-2
21.627;0.279;9.738E-2
21.660;0.265;9.384E-2
21.694;0.246;9.196E-2
21.727;0.225;8.916E-2
21.760;0.203;8.470E-2
21.794;0.180;8.191E-2
21.827;0.157;7.964E-2
21.860;0.131;7.587E-2
21.893;0.104;7.436E-2
21.927;7.828E-2;7.468E-2
21.960;5.158E-2;7.324E-2
21.993;2.195E-2;7.226E-2
22.027;-6.278E-3;7.234E-2
22.060;-3.297E-2;7.457E-2
22.093;-5.803E-2;7.810E-2
22.127;-8.350E-2;8.043E-2
22.160;-0.108;8.231E-2
22.193;-0.132;8.418E-2
22.227;-0.154;8.927E-2
22.260;-0.175;9.233E-2
22.293;-0.190;9.440E-2
22.327;-0.205;9.711E-2
22.360;-0.221;0.102
22.393;-0.235;0.104
22.427;-0.243;0.107
22.460;-0.249;0.110
22.493;-0.253;0.109
22.527;-0.254;0.108
22.560;-0.253;0.109
22.593;-0.251;0.110
22.627;-0.249;0.109
22.660;-0.242;0.107
22.693;-0.230;0.103
22.727;-0.216;9.946E-2
22.760;-0.203;9.741E-2
22.793;-0.187;9.437E-2
22.826;-0.168;9.051E-2
22.860;-0.147;8.774E-2
22.893;-0.128;8.369E-2
22.926;-0.105;8.174E-2
22.960;-7.909E-2;8.136E-2
22.993;-5.385E-2;7.799E-2
23.026;-2.979E-2;7.315E-2
23.060;-2.568E-3;7.259E-2
23.093;2.664E-2;7.267E-2
23.126;5.271E-2;7.269E-2
23.160;7.499E-2;7.448E-2
23.193;0.101;7.469E-2
23.226;0.130;7.528E-2
23.260;0.153;7.965E-2
23.293;0.173;8.183E-2
23.326;0.194;8.316E-2
23.360;0.215;8.764E-2
23.393;0.233;9.002E-2
23.426;0.249;9.206E-2
23.460;0.264;9.563E-2
23.493;0.278;9.709E-2
23.526;0.285;9.754E-2
23.560;0.289;9.989E-2
23.593;0.295;0.102
23.626;0.300;0.102
23.660;0.301;0.102
23.693;0.299;0.102
23.726;0.294;0.101
23.760;0.286;0.100
23.793;0.276;9.690E-2
23.826;0.264;9.410E-2
23.860;0.254;9.411E-2
23.893;0.240;9.166E-2
23.926;0.222;8.731E-2
23.960;0.200;8.580E-2
23.993;0.179;8.248E-2
24.026;0.158;7.828E-2
24.060;0.136;7.633E-2
24.093;0.112;7.532E-2
24.126;8.975E-2;7.477E-2
24.160;6.629E-2;7.374E-2
24.193;3.839E-2;7.251E-2
24.226;1.006E-2;7.144E-2
24.259;-1.521E-2;7.270E-2
24.293;-3.684E-2;7.548E-2
24.326;-5.992E-2;7.743E-2
24.359;-8.125E-2;8.042E-2
24.393;-0.103;8.214E-2
24.426;-0.126;8.320E-2
24.459;-0.149;8.764E-2
24.493;-0.165;9.170E-2
24.526;-0.175;9.241E-2
24.559;-0.187;9.251E-2
24.593;-0.202;9.547E-2
24.626;-0.214;9.981E-2
24.659;-0.223;0.102
24.693;-0.227;0.102
24.726;-0.229;0.102
24.759;-0.228;0.102
24.793;-0.223;0.101
24.826;-0.221;0.102
24.859;-0.219;0.102
24.893;-0.214;9.898E-2
24.926;-0.201;9.665E-2
24.959;-0.183;9.289E-2
24.993;-0.167;9.030E-2
25.026;-0.153;8.971E-2
25.059;-0.137;8.595E-2
25.093;-0.121;8.256E-2
25.126;-0.101;8.212E-2
25.159;-7.846E-2;7.972E-2
25.192;-5.326E-2;7.540E-2
25.226;-2.728E-2;7.361E-2
25.259;-4.627E-3;7.213E-2
25.292;1.750E-2;7.192E-2
25.326;3.909E-2;7.255E-2
25.359;6.267E-2;7.260E-2
25.392;8.864E-2;7.308E-2
25.426;0.115;7.515E-2
25.459;0.139;7.645E-2
25.492;0.156;7.917E-2
25.526;0.172;8.175E-2
25.559;0.189;8.243E-2
25.592;0.207;8.507E-2
25.626;0.226;8.985E-2
25.659;0.241;9.239E-2
25.692;0.253;9.237E-2
25.726;0.260;9.319E-2
25.759;0.263;9.402E-2
25.792;0.267;9.568E-2
25.826;0.273;9.809E-2
25.859;0.280;9.737E-2
25.892;0.279;9.537E-2
25.926;0.273;9.528E-2
25.959;0.266;9.485E-2
25.992;0.260;9.438E-2
26.026;0.252;9.351E-2
26.059;0.244;9.077E-2
26.092;0.235;8.653E-2
26.126;0.219;8.691E-2
26.159;0.200;8.645E-2
26.192;0.181;8.215E-2
26.225;0.165;7.984E-2
26.259;0.147;7.527E-2
26.292;0.127;7.405E-2
26.325;0.104;7.520E-2
26.359;8.261E-2;7.537E-2
26.392;5.827E-2;7.274E-2
26.425;3.307E-2;7.124E-2
26.459;1.033E-2;7.022E-2
26.492;-1.088E-2;7.257E-2
26.525;-3.230E-2;7.722E-2
26.559;-5.397E-2;7.810E-2
26.592;-7.399E-2;7.635E-2
26.625;-9.423E-2;7.802E-2
26.659;-0.115;8.375E-2
26.692;-0.134;8.744E-2
26.725;-0.149;8.882E-2
26.759;-0.158;8.898E-2
26.792;-0.170;8.910E-2
26.825;-0.182;9.199E-2
26.859;-0.193;9.680E-2
26.892;-0.199;9.995E-2
26.925;-0.206;9.870E-2
26.959;-0.208;9.643E-2
26.992;-0.205;9.693E-2
27.025;-0.200;9.868E-2
27.059;-0.196;9.959E-2
27.092;-0.194;9.678E-2
27.125;-0.186;9.266E-2
27.159;-0.174;9.102E-2
27.192;-0.161;9.127E-2
27.225;-0.147;8.985E-2
27.258;-0.131;8.597E-2
27.292;-0.115;8.324E-2
27.325;-0.100;8.036E-2
27.358;-8.346E-2;7.919E-2
27.392;-6.156E-2;7.975E-2
27.425;-3.710E-2;7.676E-2
27.458;-1.486E-2;7.280E-2
27.492;6.695E-3;7.157E-2
27.525;2.644E-2;7.277E-2
27.558;4.643E-2;7.481E-2
27.592;6.636E-2;7.482E-2
27.625;9.089E-2;7.416E-2
27.658;0.116;7.453E-2
27.692;0.138;7.690E-2
27.725;0.151;8.085E-2
27.758;0.163;8.144E-2
27.792;0.179;8.176E-2
27.825;0.196;8.359E-2
27.858;0.212;8.632E-2
27.892;0.225;8.981E-2
27.925;0.234;9.287E-2
27.958;0.240;9.197E-2
27.992;0.242;8.917E-2
28.025;0.244;9.120E-2
28.058;0.250;9.350E-2
28.092;0.253;9.447E-2
28.125;0.250;9.408E-2
28.158;0.243;9.068E-2
28.191;0.234;8.816E-2
28.225;0.226;8.933E-2
28.258;0.216;8.850E-2
28.291;0.206;8.698E-2
28.325;0.197;8.482E-2
28.358;0.183;8.071E-2
28.391;0.164;7.888E-2
28.425;0.144;7.885E-2
28.458;0.125;7.780E-2
28.491;0.110;7.524E-2
28.525;9.342E-2;7.322E-2
28.558;7.446E-2;7.274E-2
28.591;5.408E-2;7.328E-2
28.625;3.021E-2;7.275E-2
28.658;6.140E-3;7.221E-2
28.691;-1.525E-2;7.264E-2
28.725;-3.124E-2;7.461E-2
28.758;-4.554E-2;7.532E-2
28.791;-6.183E-2;7.865E-2
28.825;-8.276E-2;8.010E-2
28.858;-0.104;8.079E-2
28.891;-0.121;8.319E-2
28.925;-0.132;8.563E-2
28.958;-0.141;8.665E-2
28.991;-0.148;8.827E-2
29.025;-0.157;8.771E-2
29.058;-0.168;8.848E-2
29.091;-0.178;9.158E-2
29.125;-0.182;9.237E-2
29.158;-0.181;9.176E-2
29.191;-0.178;9.215E-2
29.224;-0.177;9.167E-2
29.258;-0.177;9.159E-2
29.291;-0.175;9.242E-2
29.324;-0.171;9.185E-2
29.358;-0.163;8.968E-2
29.391;-0.151;8.804E-2
29.424;-0.138;8.504E-2
29.458;-0.127;8.426E-2
29.491;-0.115;8.452E-2
29.524;-0.103;8.218E-2
29.558;-8.775E-2;7.931E-2
29.591;-6.904E-2;7.819E-2
29.624;-4.935E-2;7.550E-2
29.658;-2.907E-2;7.447E-2
29.691;-1.015E-2;7.398E-2
29.724;7.455E-3;7.263E-2
29.758;2.343E-2;7.220E-2
29.791;4.160E-2;7.257E-2
29.824;6.387E-2;7.287E-2
29.858;8.562E-2;7.474E-2
29.891;0.106;7.514E-2
29.924;0.123;7.496E-2
29.958;0.137;7.700E-2
29.991;0.148;7.948E-2
30.024;0.161;7.957E-2
30.058;0.178;8.182E-2
30.091;0.194;8.498E-2
30.124;0.205;8.528E-2
30.157;0.211;8.569E-2
30.191;0.215;8.886E-2
30.224;0.216;8.747E-2
30.257;0.219;8.708E-2
30.291;0.224;9.021E-2
30.324;0.227;8.993E-2
30.357;0.227;8.883E-2
30.391;0.221;8.933E-2
30.424;0.212;8.633E-2
30.457;0.203;8.438E-2
30.491;0.195;8.595E-2
30.524;0.188;8.356E-2
30.557;0.179;8.148E-2
30.591;0.168;8.183E-2
30.624;0.151;7.832E-2
30.657;0.132;7.505E-2
30.691;0.114;7.652E-2
30.724;0.103;7.629E-2
30.757;8.952E-2;7.445E-2
30.791;7.346E-2;7.455E-2
30.824;5.380E-2;7.364E-2
30.857;3.134E-2;7.250E-2
30.891;1.039E-2;7.284E-2
30.924;-7.702E-3;7.461E-2
30.957;-1.990E-2;7.489E-2
30.991;-3.155E-2;7.535E-2
31.024;-4.685E-2;7.590E-2
31.057;-6.607E-2;7.766E-2
31.091;-8.590E-2;8.027E-2
31.124;-0.102;8.267E-2
31.157;-0.112;8.303E-2
31.190;-0.118;8.257E-2
31.224;-0.122;8.308E-2
31.257;-0.130;8.445E-2
31.290;-0.140;8.740E-2
31.324;-0.150;8.923E-2
31.357;-0.156;8.828E-2
31.390;-0.154;8.772E-2
31.424;-0.150;8.735E-2
31.457;-0.147;8.698E-2
31.490;-0.146;8.802E-2
31.524;-0.146;8.802E-2
31.557;-0.143;8.502E-2
31.590;-0.135;8.437E-2
31.624;-0.122;8.505E-2
31.657;-0.109;8.244E-2
31.690;-9.780E-2;8.094E-2
31.724;-8.990E-2;8.062E-2
31.757;-8.076E-2;7.804E-2
31.790;-6.594E-2;7.610E-2
31.824;-4.800E-2;7.662E-2
31.857;-2.840E-2;7.448E-2
31.890;-1.061E-2;7.176E-2
31.924;4.392E-3;7.200E-2
31.957;1.692E-2;7.220E-2
31.990;2.927E-2;7.238E-2
32.024;4.721E-2;7.290E-2
32.057;6.741E-2;7.247E-2
32.090;8.793E-2;7.289E-2
32.124;0.105;7.455E-2
32.157;0.117;7.664E-2
32.190;0.126;7.685E-2
32.223;0.135;7.635E-2
32.257;0.147;7.723E-2
32.290;0.161;7.970E-2
32.323;0.176;8.223E-2
32.357;0.185;8.424E-2
32.390;0.190;8.426E-2
32.423;0.192;8.296E-2
32.457;0.195;8.377E-2
32.490;0.198;8.466E-2
32.523;0.202;8.534E-2
32.557;0.204;8.580E-2
32.590;0.202;8.451E-2
32.623;0.197;8.320E-2
32.657;0.190;8.366E-2
32.690;0.185;8.271E-2
32.723;0.181;8.189E-2
32.757;0.176;8.199E-2
32.790;0.166;7.983E-2
32.823;0.153;7.690E-2
32.857;0.138;7.756E-2
32.890;0.126;7.752E-2
32.923;0.114;7.467E-2
32.957;0.104;7.481E-2
32.990;9.224E-2;7.483E-2
33.023;7.611E-2;7.303E-2
33.057;5.756E-2;7.409E-2
33.090;3.820E-2;7.283E-2
33.123;2.084E-2;7.151E-2
33.157;7.395E-3;7.320E-2
33.190;-5.015E-3;7.406E-2
33.223;-1.750E-2;7.319E-2
33.256;-3.223E-2;7.547E-2
33.290;-4.900E-2;7.679E-2
33.323;-6.510E-2;7.658E-2
33.356;-7.828E-2;7.974E-2
33.390;-8.774E-2;8.219E-2
33.423;-9.602E-2;8.219E-2
33.456;-0.104;8.264E-2
33.490;-0.113;8.275E-2
33.523;-0.122;8.302E-2
33.556;-0.128;8.541E-2
33.590;-0.129;8.674E-2
33.623;-0.129;8.533E-2
33.656;-0.129;8.521E-2
33.690;-0.128;8.469E-2
33.723;-0.127;8.335E-2
33.756;-0.124;8.501E-2
33.790;-0.119;8.499E-2
33.823;-0.111;8.235E-2
33.856;-0.101;8.048E-2
33.890;-9.147E-2;7.985E-2
33.923;-8.216E-2;7.985E-2
33.956;-7.173E-2;7.951E-2
33.990;-5.930E-2;7.758E-2
34.023;-4.562E-2;7.431E-2
34.056;-3.017E-2;7.291E-2
34.090;-1.518E-2;7.290E-2
34.123;-1.991E-4;7.344E-2
34.156;1.261E-2;7.266E-2
34.189;2.538E-2;7.179E-2
34.223;3.945E-2;7.145E-2
34.256;5.628E-2;7.222E-2
34.289;7.322E-2;7.518E-2
34.323;8.871E-2;7.533E-2
34.356;0.102;7.295E-2
34.389;0.113;7.443E-2
34.423;0.123;7.548E-2
34.456;0.133;7.540E-2
34.489;0.144;7.749E-2
34.523;0.153;7.830E-2
34.556;0.163;7.752E-2
34.589;0.170;7.936E-2
34.623;0.175;8.115E-2
34.656;0.179;8.144E-2
34.689;0.180;8.199E-2
34.723;0.181;8.206E-2
34.756;0.181;8.120E-2
34.789;0.180;8.197E-2
34.823;0.176;8.202E-2
34.856;0.170;7.972E-2
34.889;0.162;7.845E-2
34.923;0.154;7.765E-2
34.956;0.146;7.669E-2
34.989;0.137;7.707E-2
35.023;0.126;7.711E-2
35.056;0.114;7.446E-2
35.089;0.103;7.395E-2
35.123;9.092E-2;7.426E-2
35.156;7.803E-2;7.433E-2
35.189;6.442E-2;7.452E-2
35.222;4.897E-2;7.359E-2
35.256;3.240E-2;7.145E-2
35.289;1.808E-2;7.282E-2
35.322;4.306E-3;7.462E-2
35.356;-7.394E-3;7.356E-2
35.389;-1.872E-2;7.423E-2
35.422;-3.175E-2;7.494E-2
35.456;-4.588E-2;7.486E-2
35.489;-5.916E-2;7.772E-2
35.522;-7.092E-2;8.010E-2
35.556;-8.107E-2;7.939E-2
35.589;-8.773E-2;8.060E-2
35.622;-9.431E-2;8.183E-2
35.656;-0.102;8.202E-2
35.689;-0.108;8.315E-2
35.722;-0.113;8.359E-2
35.756;-0.116;8.220E-2
35.789;-0.115;8.269E-2
35.822;-0.114;8.312E-2
35.856;-0.113;8.250E-2
35.889;-0.111;8.247E-2
35.922;-0.108;8.207E-2
35.956;-0.102;8.041E-2
35.989;-9.365E-2;8.140E-2
36.022;-8.441E-2;8.163E-2
36.056;-7.529E-2;7.928E-2
36.089;-6.672E-2;7.741E-2
36.122;-5.686E-2;7.670E-2
36.156;-4.539E-2;7.565E-2
36.189;-3.159E-2;7.553E-2
36.222;-1.765E-2;7.476E-2
36.255;-4.066E-3;7.278E-2
36.289;8.746E-3;7.219E-2
36.322;1.929E-2;7.241E-2
36.355;3.063E-2;7.289E-2
36.389;4.459E-2;7.281E-2
36.422;5.983E-2;7.273E-2
36.455;7.512E-2;7.266E-2
36.489;8.800E-2;7.268E-2
36.522;9.883E-2;7.494E-2
36.555;0.108;7.696E-2
36.589;0.117;7.527E-2
36.622;0.127;7.464E-2
36.655;0.137;7.584E-2
36.689;0.144;7.724E-2
36.722;0.150;7.926E-2
36.755;0.155;7.983E-2
36.789;0.160;7.794E-2
36.822;0.164;7.779E-2
36.855;0.167;8.027E-2
36.889;0.168;8.026E-2
36.922;0.168;8.018E-2
36.955;0.164;7.884E-2
36.989;0.160;7.739E-2
37.022;0.156;7.768E-2
37.055;0.151;7.941E-2
37.089;0.145;7.828E-2
37.122;0.138;7.616E-2
37.155;0.129;7.470E-2
37.188;0.120;7.439E-2
37.222;0.111;7.522E-2
37.255;0.102;7.538E-2
37.288;9.201E-2;7.401E-2
37.322;7.894E-2;7.236E-2
37.355;6.564E-2;7.249E-2
37.388;5.067E-2;7.292E-2
37.422;3.773E-2;7.229E-2
37.455;2.639E-2;7.240E-2
37.488;1.499E-2;7.241E-2
37.522;2.625E-3;7.232E-2
37.555;-9.168E-3;7.249E-2
37.588;-2.122E-2;7.493E-2
37.622;-3.370E-2;7.492E-2
37.655;-4.422E-2;7.501E-2
37.688;-5.440E-2;7.668E-2
37.722;-6.281E-2;7.752E-2
37.755;-7.247E-2;7.914E-2
37.788;-8.075E-2;8.039E-2
37.822;-8.767E-2;8.029E-2
37.855;-9.200E-2;8.071E-2
37.888;-9.424E-2;8.201E-2
37.922;-9.666E-2;8.173E-2
37.955;-9.859E-2;8.192E-2
37.988;-9.973E-2;8.240E-2
38.022;-9.966E-2;8.225E-2
38.055;-9.930E-2;8.183E-2
38.088;-9.411E-2;8.250E-2
38.122;-9.106E-2;8.197E-2
38.155;-8.602E-2;8.059E-2
38.188;-8.155E-2;7.987E-2
38.221;-7.479E-2;7.922E-2
38.255;-6.638E-2;7.816E-2
38.288;-5.704E-2;7.734E-2
38.321;-4.638E-2;7.597E-2
38.355;-3.541E-2;7.495E-2
38.388;-2.484E-2;7.394E-2
38.421;-1.475E-2;7.340E-2
38.455;-4.359E-3;7.288E-2
38.488;7.405E-3;7.272E-2
38.521;1.982E-2;7.227E-2
38.555;3.190E-2;7.237E-2
38.588;4.424E-2;7.237E-2
38.621;5.603E-2;7.244E-2
38.655;6.762E-2;7.301E-2
38.688;7.905E-2;7.424E-2
38.721;9.081E-2;7.439E-2
38.755;0.101;7.467E-2
38.788;0.110;7.527E-2
38.821;0.118;7.520E-2
38.855;0.125;7.567E-2
38.888;0.131;7.571E-2
38.921;0.137;7.567E-2
38.955;0.142;7.725E-2
38.988;0.145;7.782E-2
39.021;0.148;7.729E-2
39.055;0.150;7.789E-2
39.088;0.151;7.781E-2
39.121;0.151;7.721E-2
39.154;0.150;7.736E-2
39.188;0.148;7.817E-2
39.221;0.145;7.706E-2
39.254;0.142;7.646E-2
39.288;0.136;7.653E-2
39.321;0.130;7.602E-2
39.354;0.124;7.522E-2
39.388;0.116;7.465E-2
39.421;0.109;7.455E-2
39.454;0.101;7.504E-2
39.488;9.192E-2;7.455E-2
39.521;7.967E-2;7.276E-2
39.554;6.817E-2;7.313E-2
39.588;5.857E-2;7.310E-2
39.621;4.763E-2;7.192E-2
39.654;3.566E-2;7.207E-2
39.688;2.453E-2;7.273E-2
39.721;1.349E-2;7.260E-2
39.754;2.321E-3;7.235E-2
39.788;-8.136E-3;7.283E-2
39.821;-1.722E-2;7.391E-2
39.854;-2.591E-2;7.466E-2
39.888;-3.530E-2;7.467E-2
39.921;-4.493E-2;7.520E-2
39.954;-5.322E-2;7.751E-2
39.988;-6.015E-2;7.839E-2
40.021;-6.630E-2;7.725E-2
40.054;-7.179E-2;7.767E-2
40.088;-7.622E-2;7.902E-2
40.121;-7.981E-2;7.965E-2
40.154;-8.104E-2;7.982E-2
40.188;-8.168E-2;8.027E-2
40.221;-8.161E-2;8.020E-2
40.254;-7.886E-2;7.907E-2
40.288;-7.474E-2;7.846E-2
40.321;-7.040E-2;7.830E-2
40.354;-6.509E-2;7.798E-2
40.388;-5.892E-2;7.635E-2
40.421;-5.176E-2;7.583E-2
40.454;-4.382E-2;7.566E-2
40.487;-3.452E-2;7.495E-2
40.521;-2.580E-2;7.313E-2
40.554;-1.736E-2;7.254E-2
40.587;-8.153E-3;7.258E-2
40.621;1.244E-3;7.221E-2
40.654;1.220E-2;7.209E-2
40.687;2.209E-2;7.239E-2
40.721;3.177E-2;7.240E-2
40.754;4.173E-2;7.211E-2
40.787;5.220E-2;7.223E-2
40.821;6.239E-2;7.346E-2
40.854;7.169E-2;7.435E-2
40.887;8.104E-2;7.316E-2
40.921;8.970E-2;7.294E-2
40.954;9.748E-2;7.362E-2
40.987;0.104;7.456E-2
41.021;0.109;7.465E-2
41.054;0.114;7.521E-2
41.087;0.121;7.518E-2
41.121;0.124;7.502E-2
41.154;0.127;7.452E-2
41.187;0.128;7.521E-2
41.221;0.130;7.693E-2
41.254;0.130;7.707E-2
41.287;0.131;7.512E-2
41.321;0.130;7.505E-2
41.354;0.127;7.612E-2
41.387;0.122;7.531E-2
41.421;0.117;7.461E-2
41.454;0.113;7.477E-2
41.487;0.110;7.474E-2
41.520;0.104;7.431E-2
41.554;9.697E-2;7.454E-2
41.587;8.844E-2;7.465E-2
41.620;7.981E-2;7.331E-2
41.654;7.128E-2;7.259E-2
41.687;6.359E-2;7.285E-2
41.720;5.561E-2;7.325E-2
41.754;4.619E-2;7.262E-2
41.787;3.532E-2;7.165E-2
41.820;2.501E-2;7.210E-2
41.854;1.607E-2;7.263E-2
41.887;7.827E-3;7.260E-2
41.920;-2.395E-4;7.233E-2
41.954;-8.081E-3;7.274E-2
41.987;-1.590E-2;7.276E-2
42.020;-2.424E-2;7.273E-2
42.054;-3.295E-2;7.456E-2
42.087;-3.924E-2;7.547E-2
42.120;-4.465E-2;7.588E-2
42.154;-4.891E-2;7.512E-2
42.187;-5.324E-2;7.522E-2
42.220;-5.722E-2;7.721E-2
42.254;-6.137E-2;7.782E-2
42.287;-6.442E-2;7.680E-2
42.320;-6.598E-2;7.686E-2
42.354;-6.616E-2;7.714E-2
42.387;-6.624E-2;7.734E-2
42.420;-6.615E-2;7.778E-2
42.454;-6.563E-2;7.774E-2
42.487;-6.570E-2;7.732E-2
42.520;-6.341E-2;7.678E-2
42.553;-5.915E-2;7.693E-2
42.587;-5.470E-2;7.753E-2
42.620;-5.017E-2;7.753E-2
42.653;-4.548E-2;7.562E-2
42.687;-4.023E-2;7.438E-2
42.720;-3.445E-2;7.466E-2
42.753;-2.703E-2;7.474E-2
42.787;-1.891E-2;7.412E-2
42.820;-1.087E-2;7.344E-2
42.853;-3.174E-3;7.289E-2
42.887;3.758E-3;7.246E-2
42.920;1.164E-2;7.244E-2
42.953;2.014E-2;7.297E-2
42.987;2.800E-2;7.280E-2
43.020;3.654E-2;7.225E-2
43.053;4.664E-2;7.206E-2
43.087;5.536E-2;7.266E-2
43.120;6.208E-2;7.426E-2
43.153;6.845E-2;7.445E-2
43.187;7.530E-2;7.356E-2
43.220;8.331E-2;7.404E-2
43.253;9.024E-2;7.403E-2
43.287;9.573E-2;7.432E-2
43.320;9.960E-2;7.536E-2
43.353;0.103;7.577E-2
43.387;0.106;7.540E-2
43.420;0.108;7.477E-2
43.453;0.111;7.486E-2
43.486;0.113;7.550E-2
43.520;0.113;7.538E-2
43.553;0.113;7.523E-2
43.586;0.112;7.506E-2
43.620;0.111;7.513E-2
43.653;0.109;7.464E-2
43.686;0.107;7.485E-2
43.720;0.104;7.497E-2
43.753;9.981E-2;7.471E-2
43.786;9.474E-2;7.412E-2
43.820;8.756E-2;7.368E-2
43.853;8.185E-2;7.344E-2
43.886;7.629E-2;7.337E-2
43.920;7.012E-2;7.308E-2
43.953;6.354E-2;7.281E-2
43.986;5.565E-2;7.272E-2
44.020;4.693E-2;7.204E-2
44.053;3.866E-2;7.175E-2
44.086;3.083E-2;7.233E-2
44.120;2.477E-2;7.273E-2
44.153;1.794E-2;7.262E-2
44.186;9.875E-3;7.256E-2
44.220;1.067E-3;7.237E-2
44.253;-6.601E-3;7.266E-2
44.286;-1.148E-2;7.327E-2
44.320;-1.736E-2;7.309E-2
44.353;-2.222E-2;7.357E-2
44.386;-2.831E-2;7.360E-2
44.420;-3.531E-2;7.293E-2
44.453;-3.939E-2;7.370E-2
44.486;-4.261E-2;7.499E-2
44.519;-4.372E-2;7.507E-2
44.553;-4.499E-2;7.451E-2
44.586;-4.620E-2;7.478E-2
44.619;-4.804E-2;7.488E-2
44.653;-4.891E-2;7.533E-2
44.686;-4.778E-2;7.535E-2
44.719;-4.459E-2;7.481E-2
44.753;-4.091E-2;7.466E-2
44.786;-3.729E-2;7.407E-2
44.819;-3.451E-2;7.405E-2
44.853;-3.014E-2;7.443E-2
44.886;-2.549E-2;7.453E-2
44.919;-1.886E-2;7.294E-2
44.953;-1.220E-2;7.270E-2
44.986;-6.053E-3;7.263E-2
45.019;4.581E-4;7.256E-2
45.053;5.952E-3;7.246E-2
45.086;1.151E-2;7.238E-2
45.119;1.857E-2;7.235E-2
45.153;2.574E-2;7.240E-2
45.186;3.370E-2;7.271E-2
45.219;4.140E-2;7.228E-2
45.253;4.888E-2;7.232E-2
45.286;5.451E-2;7.273E-2
45.319;5.935E-2;7.269E-2
45.353;6.569E-2;7.353E-2
45.386;7.145E-2;7.449E-2
45.419;7.723E-2;7.313E-2
45.453;8.257E-2;7.245E-2
45.486;8.567E-2;7.310E-2
45.519;8.769E-2;7.357E-2
45.552;9.061E-2;7.337E-2
45.586;9.467E-2;7.386E-2
45.619;9.636E-2;7.344E-2
45.652;9.700E-2;7.321E-2
45.686;9.692E-2;7.318E-2
45.719;9.505E-2;7.361E-2
45.752;9.184E-2;7.284E-2
45.786;8.884E-2;7.236E-2
45.819;8.640E-2;7.214E-2
45.852;8.399E-2;7.231E-2
45.886;7.858E-2;7.312E-2
45.919;7.380E-2;7.254E-2
45.952;6.812E-2;7.206E-2
45.986;6.325E-2;7.224E-2
46.019;5.855E-2;7.221E-2
46.052;5.317E-2;7.230E-2
46.086;4.725E-2;7.222E-2
46.119;3.939E-2;7.184E-2
46.152;3.211E-2;7.202E-2
46.186;2.659E-2;7.255E-2
46.219;2.070E-2;7.259E-2
46.252;1.500E-2;7.254E-2
46.286;8.899E-3;7.244E-2
46.319;2.511E-3;7.238E-2
46.352;-2.979E-3;7.249E-2
46.386;-7.254E-3;7.340E-2
46.419;-1.197E-2;7.322E-2
46.452;-1.646E-2;7.298E-2
46.486;-2.024E-2;7.283E-2
46.519;-2.451E-2;7.287E-2
46.552;-2.805E-2;7.338E-2
46.585;-3.123E-2;7.404E-2
46.619;-3.321E-2;7.426E-2
46.652;-3.464E-2;7.408E-2
46.685;-3.558E-2;7.438E-2
46.719;-3.543E-2;7.456E-2
46.752;-3.571E-2;7.480E-2
46.785;-3.540E-2;7.487E-2
46.819;-3.338E-2;7.440E-2
46.852;-3.024E-2;7.397E-2
46.885;-2.701E-2;7.481E-2
46.919;-2.451E-2;7.484E-2
46.952;-2.100E-2;7.441E-2
46.985;-1.758E-2;7.389E-2
47.019;-1.298E-2;7.390E-2
47.052;-7.938E-3;7.397E-2
47.085;-2.826E-3;7.415E-2
47.119;2.469E-3;7.378E-2
47.152;7.450E-3;7.328E-2
47.185;1.244E-2;7.300E-2
47.219;1.854E-2;7.294E-2
47.252;2.370E-2;7.291E-2
47.285;2.968E-2;7.280E-2
47.319;3.593E-2;7.258E-2
47.352;4.126E-2;7.221E-2
47.385;4.754E-2;7.268E-2
47.419;5.180E-2;7.263E-2
47.452;5.739E-2;7.271E-2
47.485;6.143E-2;7.328E-2
47.518;6.617E-2;7.309E-2
47.552;6.940E-2;7.297E-2
47.585;7.295E-2;7.342E-2
47.618;7.449E-2;7.312E-2
47.652;7.643E-2;7.257E-2
47.685;7.893E-2;7.258E-2
47.718;8.149E-2;7.263E-2
47.752;8.333E-2;7.271E-2
47.785;8.456E-2;7.275E-2
47.818;8.507E-2;7.271E-2
47.852;8.551E-2;7.274E-2
47.885;8.577E-2;7.269E-2
47.918;8.597E-2;7.267E-2
47.952;8.605E-2;7.265E-2
47.985;8.549E-2;7.266E-2
48.018;8.258E-2;7.261E-2
48.052;7.989E-2;7.257E-2
48.085;7.727E-2;7.257E-2
48.118;7.650E-2;7.265E-2
48.152;7.410E-2;7.270E-2
48.185;7.115E-2;7.272E-2
48.218;6.840E-2;7.268E-2
48.252;6.521E-2;7.254E-2
48.285;6.136E-2;7.261E-2
48.318;5.830E-2;7.219E-2
48.352;5.360E-2;7.223E-2
48.385;4.946E-2;7.212E-2
48.418;4.320E-2;7.213E-2
48.452;3.793E-2;7.224E-2
48.485;3.228E-2;7.235E-2
48.518;2.786E-2;7.240E-2
48.551;2.253E-2;7.243E-2
48.585;1.811E-2;7.247E-2
48.618;1.257E-2;7.243E-2
48.651;8.156E-3;7.244E-2
48.685;3.139E-3;7.246E-2
48.718;-5.735E-4;7.253E-2
48.751;-4.186E-3;7.257E-2
48.785;-7.353E-3;7.299E-2
48.818;-9.805E-3;7.297E-2
48.851;-1.319E-2;7.290E-2
48.885;-1.494E-2;7.290E-2
48.918;-1.618E-2;7.286E-2
48.951;-1.752E-2;7.278E-2
48.985;-1.779E-2;7.274E-2
49.018;-1.883E-2;7.289E-2
49.051;-1.965E-2;7.281E-2
49.085;-2.021E-2;7.277E-2
49.118;-2.017E-2;7.274E-2
49.151;-2.006E-2;7.270E-2
49.185;-1.998E-2;7.271E-2
49.218;-1.938E-2;7.267E-2
49.251;-1.850E-2;7.267E-2
49.285;-1.751E-2;7.257E-2
49.318;-1.527E-2;7.251E-2
49.351;-1.334E-2;7.252E-2
49.385;-9.988E-3;7.216E-2
49.418;-7.137E-3;7.224E-2
49.451;-4.178E-3;7.232E-2
49.484;-5.297E-4;7.235E-2
49.518;2.689E-3;7.232E-2
49.551;6.904E-3;7.198E-2
49.584;1.190E-2;7.212E-2
49.618;1.556E-2;7.235E-2
49.651;1.999E-2;7.236E-2
49.684;2.408E-2;7.239E-2
49.718;2.872E-2;7.239E-2
49.751;3.258E-2;7.243E-2
49.784;3.742E-2;7.245E-2
49.818;4.167E-2;7.246E-2
49.851;4.713E-2;7.246E-2
49.884;5.024E-2;7.249E-2
49.918;5.443E-2;7.251E-2
49.951;5.746E-2;7.255E-2
49.984;5.964E-2;7.302E-2
50.018;6.088E-2;7.289E-2
50.051;6.301E-2;7.283E-2
50.084;6.307E-2;7.279E-2
50.118;6.317E-2;7.274E-2
50.151;6.285E-2;7.275E-2
50.184;6.266E-2;7.272E-2
50.218;6.163E-2;7.272E-2
50.251;5.941E-2;7.270E-2
50.284;5.755E-2;7.259E-2
50.318;5.439E-2;7.252E-2
50.351;5.013E-2;7.241E-2
50.384;4.698E-2;7.234E-2
50.418;4.227E-2;7.205E-2
50.451;3.828E-2;7.218E-2
50.484;3.443E-2;7.231E-2
50.517;3.018E-2;7.235E-2
50.551;2.647E-2;7.237E-2
50.584;2.265E-2;7.251E-2
50.617;1.928E-2;7.253E-2
50.651;1.569E-2;7.251E-2
50.684;1.200E-2;7.254E-2
50.717;9.074E-3;7.252E-2
50.751;5.471E-3;7.252E-2
50.784;2.156E-3;7.254E-2
50.817;-1.783E-4;7.253E-2
50.851;-2.579E-3;7.299E-2
50.884;-4.413E-3;7.288E-2
50.917;-5.592E-3;7.276E-2
50.951;-6.159E-3;7.274E-2
50.984;-7.010E-3;7.269E-2
51.017;-7.487E-3;7.265E-2
51.051;-7.422E-3;7.264E-2
51.084;-6.876E-3;7.263E-2
51.117;-5.097E-3;7.261E-2
51.151;-2.579E-3;7.253E-2
51.184;-9.524E-5;7.254E-2
51.217;2.379E-3;7.251E-2
51.251;4.797E-3;7.217E-2
51.284;8.457E-3;7.226E-2
51.317;1.199E-2;7.234E-2
51.351;1.511E-2;7.240E-2
51.384;1.882E-2;7.245E-2
51.417;2.154E-2;7.248E-2
51.451;2.449E-2;7.246E-2
51.484;2.827E-2;7.247E-2
51.517;3.059E-2;7.249E-2
51.550;3.418E-2;7.251E-2
51.584;3.791E-2;7.249E-2
51.617;4.025E-2;7.251E-2
51.650;4.392E-2;7.251E-2
51.684;4.771E-2;7.249E-2
51.717;4.991E-2;7.254E-2
51.750;5.231E-2;7.256E-2
51.784;5.351E-2;7.273E-2
51.817;5.488E-2;7.267E-2
51.850;5.483E-2;7.266E-2
51.884;5.537E-2;7.263E-2
51.917;5.460E-2;7.262E-2
51.950;5.275E-2;7.260E-2
51.984;4.957E-2;7.236E-2
52.017;4.762E-2;7.237E-2
52.050;4.390E-2;7.236E-2
52.084;4.036E-2;7.237E-2
52.117;3.770E-2;7.241E-2
52.150;3.460E-2;7.242E-2
52.184;3.160E-2;7.243E-2
52.217;2.888E-2;7.244E-2
52.250;2.699E-2;7.248E-2
52.284;2.461E-2;7.249E-2
52.317;2.219E-2;7.249E-2
52.350;2.043E-2;7.253E-2
52.384;1.785E-2;7.253E-2
52.417;1.525E-2;7.251E-2
52.450;1.226E-2;7.251E-2
52.483;1.042E-2;7.251E-2
52.517;7.861E-3;7.249E-2
52.550;5.295E-3;7.252E-2
52.583;3.363E-3;7.251E-2
52.617;2.036E-3;7.252E-2
52.650;9.424E-4;7.252E-2
52.683;2.107E-4;7.253E-2
52.717;2.071E-4;7.253E-2
52.750;2.086E-4;7.256E-2
52.783;2.166E-4;7.255E-2
52.817;7.765E-4;7.255E-2
52.850;2.045E-3;7.257E-2
52.883;3.914E-3;7.253E-2
52.917;6.117E-3;7.250E-2
52.950;8.981E-3;7.254E-2
52.983;1.113E-2;7.249E-2
53.017;1.274E-2;7.253E-2
53.050;1.462E-2;7.254E-2
53.083;1.715E-2;7.254E-2
53.117;1.895E-2;7.252E-2
53.150;2.046E-2;7.251E-2
53.183;2.222E-2;7.254E-2
53.217;2.388E-2;7.252E-2
53.250;2.589E-2;7.253E-2
53.283;2.736E-2;7.251E-2
53.317;2.867E-2;7.249E-2
53.350;3.077E-2;7.251E-2
53.383;3.300E-2;7.250E-2
53.417;3.534E-2;7.251E-2
53.450;3.768E-2;7.249E-2
53.483;3.896E-2;7.248E-2
53.516;4.170E-2;7.247E-2
53.550;4.428E-2;7.247E-2
53.583;4.617E-2;7.249E-2
53.616;4.814E-2;7.249E-2
53.650;4.855E-2;7.249E-2
53.683;4.883E-2;7.254E-2
53.716;4.911E-2;7.253E-2
53.750;4.921E-2;7.253E-2
53.783;4.926E-2;7.252E-2
53.816;4.798E-2;7.252E-2
53.850;4.528E-2;7.252E-2
53.883;4.267E-2;7.251E-2
53.916;4.023E-2;7.250E-2
53.950;3.832E-2;7.248E-2
53.983;3.699E-2;7.247E-2
54.016;3.511E-2;7.249E-2
54.050;3.385E-2;7.249E-2
54.083;3.217E-2;7.249E-2
54.116;3.163E-2;7.252E-2
54.150;3.050E-2;7.250E-2
54.183;2.977E-2;7.251E-2
54.216;2.932E-2;7.251E-2
54.250;2.923E-2;7.255E-2
54.283;2.870E-2;7.254E-2
54.316;2.877E-2;7.253E-2
54.350;2.848E-2;7.253E-2
54.383;2.815E-2;7.253E-2
54.416;2.794E-2;7.252E-2
54.450;2.781E-2;7.252E-2
54.483;2.771E-2;7.253E-2
54.516;2.824E-2;7.253E-2
54.549;2.806E-2;7.253E-2
54.583;2.856E-2;7.255E-2
54.616;2.899E-2;7.254E-2
54.649;2.979E-2;7.254E-2
54.683;3.100E-2;7.254E-2
54.716;3.205E-2;7.253E-2
54.749;3.457E-2;7.253E-2
54.783;3.580E-2;7.253E-2
54.816;3.773E-2;7.253E-2
54.849;3.877E-2;7.249E-2
54.883;4.089E-2;7.251E-2
54.916;4.191E-2;7.250E-2
54.949;4.389E-2;7.249E-2
54.983;4.525E-2;7.250E-2
55.016;4.577E-2;7.250E-2
55.049;4.623E-2;7.249E-2
55.083;4.654E-2;7.251E-2
55.116;4.667E-2;7.250E-2
55.149;4.678E-2;7.250E-2
55.183;4.542E-2;7.251E-2
55.216;4.274E-2;7.249E-2
55.249;4.163E-2;7.246E-2
55.283;3.930E-2;7.248E-2
55.316;3.881E-2;7.244E-2
